,Does a <entity> fly?,Can a <entity> fly?,A <entity> flys.,Is <entity> is capable of flying?,<entity> is capable of flying.
accuracy,0.8888888888888888,0.8148148148148148,0.8518518518518519,0.4444444444444444,0.48148148148148145
yes_count,24.0,22.0,23.0,12.0,13.0
no_count,3.0,5.0,4.0,15.0,14.0
