,Does a <entity> fly?,Can a <entity> fly?,A <entity> flys.,Is a <entity> capable of flying?,A <entity> is capable of flying.
accuracy,0.3619047619047619,0.26666666666666666,0.2857142857142857,0.580952380952381,0.6857142857142857
yes_count,67.0,77.0,75.0,44.0,33.0
no_count,38.0,28.0,30.0,61.0,72.0
