,Does a <entity> fly?,Can a <entity> fly?,A <entity> flys.,Is a <entity> capable of flying?,A <entity> is capable of flying.
accuracy,0.8888888888888888,0.8148148148148148,0.8518518518518519,0.8148148148148148,0.6296296296296297
yes_count,24.0,22.0,23.0,22.0,17.0
no_count,3.0,5.0,4.0,5.0,10.0
